id;first_name;last_name;email;address;phone
1;Gregorio;Grady;Lonie52@hotmail.com;synthesize compressing;(857) 948-2373 x9233
2;Sandrine;Welch;Gertrude_Mertz@hotmail.com;Adaptive Oregon Handcrafted;988.840.6882
3;Herminio;King;Lavonne.Abbott89@hotmail.com;Security quantify uniform;555-912-1149 x066
4;Randi;Mitchell;Carter_Doyle@gmail.com;Mill Licensed Music;262-952-4968 x922
5;Ellen;Bins;Emmanuel.Koch@hotmail.com;haptic;594-991-2267
6;Bertram;Kub;Wiley_Toy24@yahoo.com;migration Plastic Small;(290) 233-1202 x1393
7;Lavada;Hettinger;Berniece_Gerlach36@yahoo.com;withdrawal Wooden;(938) 985-9076 x9905
8;Bette;Murphy;Madison60@hotmail.com;Small;(599) 543-8360 x7883
9;Modesto;Heathcote;Hortense_Johnson@yahoo.com;invoice cohesive;631.865.4518
10;Candace;Walter;Cecil_Ryan@hotmail.com;e-business Loan;278.871.9766
